	column_name	effect_size	effect_size_square	effect_size_values	pval_corrected	pval
1	mouse_number	2.124302177439201	4.512659741072929	114 vs. 17	0.004	0.000999000999000999
1	age	1.4117492903682685	1.9930360588553095	11 vs. 11.5	0.004	0.000999000999000999
1	cage_number	1.1961880150178215	1.4308657672722758	7 vs. A18	0.004	0.000999000999000999
1	genotype	0.0763415161409403	0.005828027086697448	ApoE KO vs. LDLR knockout	0.004	0.000999000999000999
1	exposure_type	0.05972587905614101	0.0035671806290287836	Air vs. IHH	0.004	0.001998001998001998
